"key";"fr"
"ConstantShader.name";"Ombrage constant"
"Euclidean2DGeometry.name";"Géométrie plane"
"Euclidean3DGeometry.name";"Géométrie dans l'espace"
"Euclidean4DGeometry.name";"Espace euclidien à 4 dimensions"
"FileUtilities.error";"erreur #1."
"FileUtilities.error401";"erreur 401 (authentification requise)."
"FileUtilities.error403";"erreur 403 (accès interdit)."
"FileUtilities.error404";"erreur 404 (ressource introuvable)."
"FileUtilities.error407";"erreur 407 (l'accès à la ressource nécessite de paramétrer le proxy)."
"FileUtilities.networkDown";"le réseau semble inaccessible."
"FileUtilities.serverError";"erreur du serveur (code #1)."
"FileUtilities.timeOut";"le serveur met trop de temps à répondre."
"FlatQuotientGeometry.latticeH";"Hauteur du rectangle fondamental :"
"FlatQuotientGeometry.latticeW";"Largeur du rectangle fondamental :"
"FlatQuotientGeometry.name";"Recollements rectangulaires"
"FlatQuotientGeometry.shift";"Translation activée (shift + clic droit) :"
"FlatShader.name";"Ombrage plat"
"FWAbstractApplication.load.action";"Ouvrir"
"FWAbstractApplication.load.failure.msg";"Une erreur inattendue s'est produite à l'ouverture du fichier."
"FWAbstractApplication.load.failure.title";"Échec de l'ouverture"
"FWAbstractApplication.load.mnemonic";"O"
"FWAbstractApplication.load.tooltip";"Ouvrir un fichier sauvegardé"
"FWAbstractApplication.load.worker";"Ouverture du fichier"
"FWAbstractApplication.quit.action";"Quitter"
"FWAbstractApplication.quit.mnemonic";"Q"
"FWAbstractApplication.quit.tooltip";"Quitter le logiciel"
"FWAbstractApplication.requestSaving.msg";"Sauvegarder les modifications avant de quitter ?"
"FWAbstractApplication.requestSaving.title";"Sauvegarder le fichier ?"
"FWAbstractApplication.save.action";"Enregistrer"
"FWAbstractApplication.save.failure.msg";"Une erreur inattendue s'est produite et la sauvegarde des données a été abandonnée."
"FWAbstractApplication.save.failure.title";"Échec de la sauvegarde"
"FWAbstractApplication.save.mnemonic";"S"
"FWAbstractApplication.save.success.msg";"Les données ont été correctement sauvegardées."
"FWAbstractApplication.save.success.title";"Sauvegarde réussie"
"FWAbstractApplication.save.tooltip";"Sauvegarder le travail en cours"
"FWAbstractApplication.save.worker";"Sauvegarde du fichier"
"FWAbstractApplication.saveAs.action";"Enregistrer sous"
"FWAbstractApplication.saveAs.mnemonic";"u"
"FWAbstractApplication.saveAs.tooltip";"Sauvegarder le travail en cours dans un nouveau fichier"
"FWAbstractApplication.showConsole.action";"Console d'erreur"
"FWAbstractApplication.showConsole.mnemonic";"C"
"FWAbstractApplication.showConsole.tooltip";"Afficher la console d'erreur"
"FWAbstractApplication.storeUserPreferences.failure.msg";"Une erreur s'est produite et la sauvegarde des préférences a été abandonnée."
"FWAbstractApplication.storeUserPreferences.failure.title";"Échec de la sauvegarde"
"FWAbstractApplication.storeUserPreferences.success.msg";"Les préférences ont été correctement sauvegardées."
"FWAbstractApplication.storeUserPreferences.success.title";"Sauvegarde réussie"
"FWAbstractApplication.storeUserPreferences.worker";"Sauvegarde des préférences"
"FWAccessibilityManager.fontFamily";"Police : "
"FWAccessibilityManager.fontSize";"Taille : "
"FWAccessibilityManager.title";"Interface"
"FWColorChooser.selectColor";"Nuancier"
"FWConsole.confirmExit.msg";"Forcer la fermeture du logiciel et de toutes ses instances ?"
"FWConsole.confirmExit.title";"Demande de confirmation"
"FWConsole.copy.action";"Copier"
"FWConsole.copy.mnemonic";"Cr"
"FWConsole.copy.tooltip";"Copier le contenu de la console d'erreur dans le presse-papier"
"FWConsole.exit.action";"Fin de tâche"
"FWConsole.exit.mnemonic";"t"
"FWConsole.exit.tooltip";"Forcer la fermeture du logiciel"
"FWConsole.menu";"Menu"
"FWDialog.menu.mnemonic";"M"
"FWConsole.preambule";"<p>Cette console d'erreur recense les détails des problèmes éventuellement rencontrés. </p> <p>Pour améliorer la stabilité du logiciel,  merci de les envoyer à l'adresse suivante : geotortue@free.fr</p>"
"FWConsole.quit.action";"Fermer"
"FWConsole.quit.mnemonic";"F"
"FWConsole.quit.tooltip";"Fermer la console d'erreur"
"FWConsole.showConsole.msg";"<p>Une erreur interne s'est produite.</p><p>Souhaitez-vous afficher la console d'erreur ?</p>"
"FWConsole.showConsole.title";"Erreur interne"
"FWConsole.title";"Console d'erreur"
"FWDialog.cancel.action";"Annuler"
"FWDialog.cancel.mnemonic";"A"
"FWDialog.cancel.tooltip";"Fermer cette fenêtre"
"FWDialog.close.action";"OK"
"FWDialog.close.mnemonic";"O"
"FWDialog.close.tooltip";"Valider et fermer cette fenêtre"
"FWDirectory.select";"Sélectionner"
"FWDirectory.selectFolder.text";"Sélectionner un répertoire"
"FWDirectory.selectFolder.tooltip";"Sélectionner un répertoire"
"FWEnhancedTextPane.copy";"Copier"
"FWEnhancedTextPane.cut";"Couper"
"FWEnhancedTextPane.greekChars";"αβ"
"FWEnhancedTextPane.paste";"Coller"
"FWEnhancedTextPane.redo";"Refaire"
"FWEnhancedTextPane.specialChars";"Symboles"
"FWEnhancedTextPane.undo";"Défaire"
"FWFileAssistant.defaultFileName";"mes_figures"
"FWFileAssistant.invalidFile.msg";"Le fichier sélectionné est invalide ou interdit en écriture."
"FWFileAssistant.invalidFile.title";"Fichier invalide"
"FWFileAssistant.overwriteFile.msg";"Remplacer le fichier existant ?"
"FWFileAssistant.overwriteFile.title";"Demande de confirmation"
"FWFileAssistant.selectFile";"Sélectionner un fichier"
"FWFileAssistant.untitledFile";"Sans titre"
"FWServices.urlError.msg";"Une erreur s'est produite à l'ouverture du navigateur."
"FWServices.urlError.title";"Erreur"
"FWWritableDirectory.confirmDirectory.msg";"Utiliser le répertoire #1 ?"
"FWWritableDirectory.confirmDirectory.title";"Demande de confirmation"
"FWWritableDirectory.invalidDirectory.msg";"Le répertoire sélectionné est invalide ou interdit en écriture."
"FWWritableDirectory.invalidDirectory.title";"Répertoire invalide"
"Gallery.directory";"Emplacement de la pinacothèque :"
"Gallery.settings";"Pinacothèque"
"GalleryOrganizer.commentDrawing.action";"Annoter"
"GalleryOrganizer.commentDrawing.mnemonic";"A"
"GalleryOrganizer.commentDrawing.tooltip";"Annoter la figure sélectionnée"
"GalleryOrganizer.commentsEditor";"Commentaires"
"GalleryOrganizer.confirmDrawingDeletion.msg";"Êtes-vous certain de vouloir supprimer définitivement cette figure ?"
"GalleryOrganizer.confirmDrawingDeletion.title";"Demande de confirmation"
"GalleryOrganizer.deleteDrawing.action";"Supprimer"
"GalleryOrganizer.deleteDrawing.mnemonic";"S"
"GalleryOrganizer.deleteDrawing.tooltip";"Supprimer la figure sélectionnée"
"GalleryOrganizer.drawingList";"Liste des figures"
"GalleryOrganizer.gallery";"Gestion de la pinacothèque"
"GalleryOrganizer.importDrawing.action";"Modifier"
"GalleryOrganizer.importDrawing.mnemonic";"d"
"GalleryOrganizer.importDrawing.tooltip";"Importer la figure sélectionnée dans la fenêtre de coloriage"
"GalleryOrganizer.printPix.action";"Imprimer"
"GalleryOrganizer.printPix.mnemonic";"I"
"GalleryOrganizer.printPix.tooltip";"Imprimer la figure sélectionnée"
"GalleryOrganizer.stepDrawingDown.action";"Descendre"
"GalleryOrganizer.stepDrawingDown.mnemonic";"D"
"GalleryOrganizer.stepDrawingDown.tooltip";"Déplacer la figure sélectionnée d'un rang vers le bas"
"GalleryOrganizer.stepDrawingUp.action";"Monter"
"GalleryOrganizer.stepDrawingUp.mnemonic";"M"
"GalleryOrganizer.stepDrawingUp.tooltip";"Déplacer la figure sélectionnée d'un rang vers le haut"
"GeoTortue.advanced";"Sauvegarde des réglages"
"GeoTortue.edition.mnemonic";"d"
"GeoTortue.edition.title";"Édition"
"GeoTortue.FileNotFoundException.msg";"Le fichier spécifié n'est pas accessible."
"GeoTortue.FileNotFoundException.title";"Fichier introuvable"
"GeoTortue.files.mnemonic";"F"
"GeoTortue.files.title";"Fichiers"
"GeoTortue.gallery.mnemonic";"P"
"GeoTortue.gallery.title";"Pinacothèque"
"GeoTortue.help.mnemonic";"i"
"GeoTortue.help.title";"Aide"
"GeoTortue.IncompatibleFileException.msg";"Le fichier spécifié ne semble pas être un fichier GéoTortue valide."
"GeoTortue.IncompatibleFileException.title";"Fichier incompatible"
"GeoTortue.library.mnemonic";"B"
"GeoTortue.library.title";"Bibliothèque"
"GeoTortue.loadModel.failure.msg";"Une erreur inattendue s'est produite durant l'ouverture de l'activité."
"GeoTortue.loadModel.failure.title";"Échec de l'ouverture"
"GeoTortue.loadModel.worker";"Ouverture du fichier"
"GeoTortue.loadModelInNewWindow.msg";"<p>L'activité demande à partager des procédures qui entrent en conflit avec des procédures existantes.</p><p>Ouvrir l'activité dans une nouvelle fenêtre ?</p>"
"GeoTortue.loadModelInNewWindow.title";"Conflit"
"GeoTortue.merge.failure.msg";"Une erreur inattendue s'est produite durant l'import."
"GeoTortue.merge.failure.title";"Échec de l'import"
"GeoTortue.merge.worker";"Import du fichier"
"GeoTortue.model.mnemonic";"c"
"GeoTortue.model.title";"Activités"
"GeoTortue.ObsoleteFileFormat.msg";"<p>Le fichier ouvert est d'un format très ancien.</p><p>Des corrections seront sûrement nécessaires pour faire fonctionner les procédures.</p>"
"GeoTortue.ObsoleteFileFormat.title";"Format de fichier obsolète"
"GeoTortue.overwriteProc.msg";"<p>Liste des procédures en conflit :</p><p>#1</p><p>Remplacer les procédures ci-dessus par celles de l'activité ?</p>"
"GeoTortue.overwriteProc.title";"Remplacer les procédures existantes ?"
"GeoTortue.paint.mnemonic";"l"
"GeoTortue.paint.title";"Coloriage"
"GeoTortue.preferences";"Préférences"
"GeoTortue.restoreDefaultPreferences.text";"Rétablir la configuration d'usine"
"GeoTortue.restoreDefaultPreferences.tooltip";"Rétablir la configuration d'usine"
"GeoTortue.settings";"Réglages"
"GeoTortue.storeUserPreferences.text";"Enregistrer les réglages"
"GeoTortue.storeUserPreferences.tooltip";"Charger les réglages actuels au démarrage de GéoTortue"
"GeoTortue.tools.mnemonic";"O"
"GeoTortue.tools.title";"Outils"
"GeoTortue.trt";"Fichiers GéoTortue (*.trt)"
"GeoTortue.trt.xrt";"Fichiers GéoTortue (*.trt, *.xrt)"
"GeoTortue.window.mnemonic";"A"
"GeoTortue.window.title";"Affichage"
"GeoTortue.xrt";"Activités GéoTortue (*.xrt)"
"GouraudShader.name";"Ombrage de Gouraud"
"GTActions.about.action";"À propos"
"GTActions.about.mnemonic";"p"
"GTActions.about.tooltip";"À propos de GéoTortue"
"GTActions.addedToGallery.msg";"Le dessin a bien été ajouté à la pinacothèque."
"GTActions.addedToGallery.title";"Dessin ajouté avec succès"
"GTActions.addToGallery.action";"Ajouter le dessin"
"GTActions.addToGallery.mnemonic";"d"
"GTActions.addToGallery.tooltip";"Ajouter le dessin courant à la pinacothèque"
"GTActions.archiveGallery.action";"Archiver"
"GTActions.archiveGallery.failure.msg";"Une erreur inattendue s'est produite durant l'archivage."
"GTActions.archiveGallery.failure.title";"Échec de l'archivage"
"GTActions.archiveGallery.mnemonic";"A"
"GTActions.archiveGallery.success.msg";"La pinacothèque a été correctement archivée."
"GTActions.archiveGallery.success.title";"Archivage réussi"
"GTActions.archiveGallery.tooltip";"Archiver la pinacothèque"
"GTActions.archiveGallery.worker";"Archivage"
"GTActions.archivePix.msg";"<p>Voulez-vous archiver le dessin dans la pinacothèque?</p><p>(Dans le cas contraire, le coloriage sera perdu)</p>"
"GTActions.archivePix.title";" "
"GTActions.browseGallery.action";"Visionner"
"GTActions.browseGallery.failure.msg";"Une erreur s'est produite en tentant de visionner la pinacothèque."
"GTActions.browseGallery.failure.title";"Visionnage impossible"
"GTActions.browseGallery.mnemonic";"V"
"GTActions.browseGallery.title";"Affichage de la pinacothèque"
"GTActions.browseGallery.tooltip";"Afficher la pinacothèque dans un navigateur"
"GTActions.browseGallery.worker";"Affichage de la pinacothèque"
"GTActions.browseGalleryError.msg";"Une erreur s'est produite durant l'affichage de la pinacothèque."
"GTActions.browseGalleryError.title";"Visionnage impossible"
"GTActions.browseIrem.action";"Ressources en ligne"
"GTActions.browseIrem.mnemonic";"r"
"GTActions.browseIrem.tooltip";"Visiter le site de l'IREM Paris-Nord"
"GTActions.centerTurtle.action";"Retrouver la tortue"
"GTActions.centerTurtle.mnemonic";"r"
"GTActions.centerTurtle.tooltip";"Centrer l'espace graphique sur la tortue active"
"GTActions.checkUpdate.action";"Vérifier les mises à jour"
"GTActions.checkUpdate.mnemonic";"M"
"GTActions.checkUpdate.tooltip";"Vérifier si une version plus récente de GéoTortue est disponible"
"GTActions.crop.action";"Cadrer"
"GTActions.crop.mnemonic";"c"
"GTActions.crop.tooltip";"Découper l'image afin que la figure soit cadrée"
"GTActions.decreaseFontSize.action";"Diminuer la police"
"GTActions.decreaseFontSize.mnemonic";"D"
"GTActions.decreaseFontSize.tooltip";"Diminuer la taille de la police utilisée"
"GTActions.editModel.action";"Éditeur d'activités"
"GTActions.editModel.mnemonic";"r"
"GTActions.editModel.tooltip";"Ouvrir l'éditeur d'activités"
"GTActions.editorLayout.action";"Pupitre"
"GTActions.editorLayout.mnemonic";
"GTActions.editorLayout.tooltip";"Afficher le pupitre de commande"
"GTActions.editSandBox.action";"Configurer le bac à sable"
"GTActions.editSandBox.mnemonic";"b"
"GTActions.editSandBox.tooltip";"Éditer les boutons disponibles dans le bac à sable"
"GTActions.emptyGallery.msg";"La pinacothèque ne peut être visionnée car elle ne contient aucun dessin."
"GTActions.emptyGallery.title";"Pinacothèque vide"
"GTActions.smartReplace";"Remplacement intelligent"
"GTActions.exportHD.action";"Export HD"
"GTActions.exportHD.failure.msg";"Une erreur s'est produite durant l'export."
"GTActions.exportHD.failure.title";"Échec de l'export"
"GTActions.exportHD.mnemonic";"D"
"GTActions.exportHD.success.msg";"L'export HD s'est correctement déroulé"
"GTActions.exportHD.success.title";"Export réussi"
"GTActions.exportHD.tooltip";"Enregistrer la figure dans un grand format"
"GTActions.exportHD.worker";"Export HD"
"GTActions.exportPix.action";"Exporter le dessin"
"GTActions.exportPix.mnemonic";"x"
"GTActions.exportPix.tooltip";"Sauvegarder le dessin dans un fichier"
"GTActions.exportSvg.action";"Export SVG"
"GTActions.exportSvg.failure.msg";"Une erreur s'est produite durant l'export."
"GTActions.exportSvg.failure.title";"Échec de l'export"
"GTActions.exportSvg.mnemonic";"S"
"GTActions.exportSvg.success.msg";"L'export SVG s'est correctement déroulé"
"GTActions.exportSvg.success.title";"Export réussi"
"GTActions.exportSvg.tooltip";"Enregistrer la figure au format vectoriel SVG"
"GTActions.exportSvg.worker";"Export SVG"
"GTActions.find";"Rechercher un mot :"
"GTActions.find.action";"Rechercher"
"GTActions.find.mnemonic";"e"
"GTActions.find.tooltip";"Rechercher un mot"
"GTActions.flood.action";"Pot de peinture"
"GTActions.flood.mnemonic";"p"
"GTActions.flood.tooltip";"Remplir une zone du dessin"
"GTActions.help.action";"Aide en ligne"
"GTActions.help.mnemonic";"a"
"GTActions.help.tooltip";"Ouvrir un navigateur et afficher l'aide en ligne"
"GTActions.importGallery.action";"Importer"
"GTActions.importGallery.failure.msg";"Une erreur inattendue s'est produite durant l'import."
"GTActions.importGallery.failure.title";"Échec de l'import"
"GTActions.importGallery.mnemonic";"I"
"GTActions.importGallery.success.msg";"La pinacothèque a été correctement importée."
"GTActions.importGallery.success.title";"Import réussi"
"GTActions.importGallery.tooltip";"Ouvrir une pinacothèque archivée."
"GTActions.importGallery.worker";"Import de la pinacothèque"
"GTActions.importPix.action";"Importer un dessin"
"GTActions.importPix.mnemonic";"d"
"GTActions.importPix.tooltip";"Ouvrir un dessin depuis un fichier pour le colorier"
"GTActions.increaseFontSize.action";"Agrandir la police"
"GTActions.increaseFontSize.mnemonic";"A"
"GTActions.increaseFontSize.tooltip";"Augmenter la taille de la police utilisée"
"GTActions.initGraphics.action";"Initialiser"
"GTActions.initGraphics.mnemonic";"i"
"GTActions.initGraphics.tooltip";"Rappeler la configuration initiale de l'espace graphique"
"GTActions.library.confirmPassword";"Confirmer le mot de passe :"
"GTActions.library.getPassword";"Saisir le mot de passe :"
"GTActions.library.setPassword";"Saisir un mot de passe pour la bibliothèque :"
"GTActions.localCatalog.action";"Catalogue local"
"GTActions.localCatalog.mnemonic";"L"
"GTActions.localCatalog.tooltip";"Ouvrir un catalogue d'activités"
"GTActions.locale.action";"Langue"
"GTActions.locale.mnemonic";"L"
"GTActions.locale.tooltip";"Modifier les préférences linguistiques"
"GTActions.lockLibrary.action";"Verrouiller"
"GTActions.lockLibrary.mnemonic";"V"
"GTActions.lockLibrary.tooltip";"Protéger l'accès à la bibliothèque par un mot de passe"
"GTActions.magicWand.action";"Baguette magique"
"GTActions.magicWand.mnemonic";"b"
"GTActions.magicWand.tooltip";"Remplacer une couleur du dessin"
"GTActions.makeProcedure.action";"Créer une procédure"
"GTActions.makeProcedure.getTitle";"Saisir le nom de la procédure à créer :"
"GTActions.makeProcedure.mnemonic";
"GTActions.makeProcedure.tooltip";"Créer une nouvelle procédure à partir du contenu de la fenêtre de commandes"
"GTActions.manageGallery.action";"Organiser"
"GTActions.manageGallery.failure.msg";"Une erreur s'est produite durant la préparation de la pinacothèque."
"GTActions.manageGallery.failure.title";"Échec de la préparation"
"GTActions.manageGallery.mnemonic";"O"
"GTActions.manageGallery.tooltip";"Organiser les dessins contenus dans la pinacothèque"
"GTActions.manageGallery.worker";"Préparation de la pinacothèque"
"GTActions.manageLibrary.action";"Gérer"
"GTActions.manageLibrary.mnemonic";"G"
"GTActions.manageLibrary.tooltip";"Organiser les procédures archivées dans la bibliothèque"
"GTActions.merge.action";"Importer"
"GTActions.merge.mnemonic";"I"
"GTActions.merge.tooltip";"Récupérer les procédures d'un fichier"
"GTActions.modelLayout.action";"Activités"
"GTActions.modelLayout.mnemonic";
"GTActions.modelLayout.tooltip";"Afficher la fenêtre d'activité"
"GTActions.new.action";"Nouvelle figure"
"GTActions.new.mnemonic";"n"
"GTActions.new.tooltip";"Ouvrir une nouvelle fenêtre"
"GTActions.noMailAvailable.msg";"Aucun client de messagerie n'a été trouvé."
"GTActions.noMailAvailable.title";"Messagerie introuvable"
"GTActions.onlineCatalog.action";"Catalogue en ligne"
"GTActions.onlineCatalog.mnemonic";"C"
"GTActions.onlineCatalog.tooltip";"Ouvrir le catalogue d'activités en ligne"
"GTActions.openModel.action";"Ouvrir"
"GTActions.openModel.mnemonic";"O"
"GTActions.openModel.tooltip";"Ouvrir une activité"
"GTActions.painterLayout.action";"Coloriage"
"GTActions.painterLayout.mnemonic";
"GTActions.painterLayout.tooltip";"Afficher la fenêtre de coloriage"
"GTActions.palette.action";"Nuancier"
"GTActions.palette.mnemonic";"N"
"GTActions.palette.tooltip";"Afficher un catalogue de couleurs"
"GTActions.pick.action";"Pipette"
"GTActions.pick.mnemonic";"e"
"GTActions.pick.tooltip";"Récupérer une couleur du dessin"
"GTActions.png.jpg.gif";"Images (*.png,  *.jpg,  *.gif)"
"GTActions.preferences.action";"Préférences"
"GTActions.preferences.mnemonic";"p"
"GTActions.preferences.tooltip";"Éditer les préférences"
"GTActions.printPix.action";"Imprimer"
"GTActions.printPix.mnemonic";"I"
"GTActions.printPix.tooltip";"Imprimer le dessin"
"GTActions.refresh.action";"Rafraîchir"
"GTActions.refresh.mnemonic";"f"
"GTActions.refresh.tooltip";"Rafraîchir l'espace graphique et la coloration syntaxique"
"GTActions.replace.action";"Remplacer"
"GTActions.replace.getReplacement";"Nouveau mot :"
"GTActions.replace.getTarget";"Mot à remplacer :"
"GTActions.replace.mnemonic";"R"
"GTActions.replace.tooltip";"Remplacer toutes les occurrences d'un mot par un autre"
"GTActions.replaceError.msg";"<p>Le remplacement de « #1 » par « #2 » mène à des incohérences dans la structure de la bibliothèque.</p><p>Aucune modification n'a été apportée à la bibliothèque.</p>"
"GTActions.replaceError.title";"Remplacement impossible"
"GTActions.replaceInLibrary";"Remplacer dans la bibliothèque"
"GTActions.reportBug.action";"Signaler un bogue"
"GTActions.reportBug.mnemonic";"b"
"GTActions.reportBug.tooltip";"Envoyer un courriel au concepteur"
"GTActions.sandboxLayout.action";"Bac à sable"
"GTActions.sandboxLayout.mnemonic";
"GTActions.sandboxLayout.tooltip";"Afficher le pupitre de commande simplifié"
"GTActions.settings.action";"Réglages"
"GTActions.settings.mnemonic";"g"
"GTActions.settings.tooltip";"Configurer GéoTortue"
"GTActions.showHtml.action";"Code HTML"
"GTActions.showHtml.mnemonic";"H"
"GTActions.showHtml.tooltip";"Afficher le code HTML des procédures"
"GTActions.showPst.action";"Code PSTricks"
"GTActions.showPst.mnemonic";"T"
"GTActions.showPst.tooltip";"Afficher le code PSTricks"
"GTActions.svg";"Fichiers SVG (*.svg)"
"GTActions.toggleAxis.action";"Afficher les axes"
"GTActions.toggleAxis.mnemonic";"x"
"GTActions.toggleAxis.tooltip";"Afficher ou cacher les axes"
"GTActions.toggleGrid.action";"Afficher la grille"
"GTActions.toggleGrid.mnemonic";"g"
"GTActions.toggleGrid.tooltip";"Afficher ou cacher la grille"
"GTActions.toggleOriginVisibility.action";"Afficher l'origine"
"GTActions.toggleOriginVisibility.mnemonic";"o"
"GTActions.toggleOriginVisibility.tooltip";"Afficher ou cacher l'origine"
"GTActions.toggleTurtleAxis.action";"Afficher les axes des tortues"
"GTActions.toggleTurtleAxis.mnemonic";"t"
"GTActions.toggleTurtleAxis.tooltip";"Afficher ou cacher les repères mobiles des tortues"
"GTActions.undoFlood.action";"Annuler"
"GTActions.undoFlood.mnemonic";"n"
"GTActions.undoFlood.tooltip";"Annuler la dernière opération"
"GTActions.unlockLibrary.action";"Déverrouiller"
"GTActions.unlockLibrary.mnemonic";"D"
"GTActions.unlockLibrary.tooltip";"Désactiver le mot de passe pour accéder à la bibliothèque"
"GTActions.zip";"Archives zip (*.zip)"
"GTAxonometricPerspective.alpha";"Angle de vue vertical :"
"GTAxonometricPerspective.name";"Perspective axonométrique"
"GTAxonometricPerspective.omega";"Angle de vue horizontal :"
"GTBoard.copy";"Tout copier"
"GTBoard.flush.tooltip";"Effacer le contenu du tableau d'affichage"
"GTCavalierPerspective.name";"Perspective cavalière"
"GTCavalierPerspective.ratio";"Ratio :"
"GTCavalierPerspective.vanishingPoint";"Angle de fuite :"
"GTCodePane.copy.text";"Copier"
"GTCodePane.copy.tooltip";"Copier le code dans le presse-papiers."
"GTColorFunctionFactory.hsb.desc";"(t, s, v) : renvoie la couleur de composantes (t, s, v)=(teinte, saturation, valeur)<br>t, s, v sont : <ul><li>des entiers, avec 0≤t≤360, 0≤s≤100 et 0≤v≤100 ;</li><li>soit des flottants compris entre 0 et 1.</li></ul><br><a href=""https://fr.wikipedia.org/wiki/Teinte_saturation_lumi%C3%A8re"">wikipedia</a>"
"GTColorFunctionFactory.hsb.name";"tsv"
"GTColorFunctionFactory.rgb.desc";"(r, v, b) : renvoie la couleur de composantes (r, v, b)=(rouge, vert, bleu)<br>r, v, b sont, soit : <ul><li>soit des entiers compris entre 0 et 255 ;</li><li>soit des flottants compris entre 0 et 1.</li></ul>"
"GTColorFunctionFactory.rgb.name";"rvb"
"GTColors.AQUA";"cyan"
"GTColors.BLACK";"noir"
"GTColors.BLUE";"bleu"
"GTColors.FUCHSIA";"magenta"
"GTColors.GRAY";"gris"
"GTColors.GREEN";"vert"
"GTColors.LIME";"vert_citron"
"GTColors.MAROON";"bordeaux"
"GTColors.NAVY";"bleu_marine"
"GTColors.OLIVE";"olive"
"GTColors.ORANGE";"orange"
"GTColors.PINK";"rose"
"GTColors.PURPLE";"violet"
"GTColors.RED";"rouge"
"GTColors.SILVER";"argent"
"GTColors.TEAL";"sarcelle"
"GTColors.WHITE";"blanc"
"GTColors.YELLOW";"jaune"
"GTCommandFactory.info";"Information"
"GTCommandProcessor.interrupt.action";"Abandonner"
"GTCommandProcessor.interrupt.mnemonic";"A"
"GTCommandProcessor.interrupt.tooltip";"Abandonner le processus en cours"
"GTCommandProcessor.resume.action";"Reprendre"
"GTCommandProcessor.resume.mnemonic";"n"
"GTCommandProcessor.resume.tooltip";"Reprendre le processus en cours"
"GTCommandProcessor.step.action";"Avancer d'un pas"
"GTCommandProcessor.step.mnemonic";"v"
"GTCommandProcessor.step.tooltip";"Exécuter la commande suivante"
"GTCommandProcessor.suspend.action";"Interrompre"
"GTCommandProcessor.suspend.mnemonic";"i"
"GTCommandProcessor.suspend.tooltip";"Interrompre le processus en cours"
"GTConicPerspective.fieldOfView";"Angle de champ :"
"GTConicPerspective.focalDistance";"Distance focale :"
"GTConicPerspective.name";"Perspective centrale"
"GTDimetricPerspective.alpha";"Angle de vue vertical :"
"GTDimetricPerspective.name";"Perspective dimétrique"
"GTDisplayManager.delete.tooltip";"Retirer l'image de fond de l'espace graphique"
"GTDisplayManager.fontFamily";"Police :"
"GTDisplayManager.fontSize";"Taille :"
"GTDisplayManager.none";"Aucune"
"GTDisplayManager.offsetX";"Décalage horizontal (en pixels) :"
"GTDisplayManager.offsetY";"Décalage vertical (en pixels) :"
"GTDisplayManager.open.tooltip";"Choisir une image de fond"
"GTDisplayManager.settings";"Image de fond"
"GTDisplayManager.styleSettings";"Espace graphique"
"GTDocumentFactory.noProcedure";"Aucune procédure"
"GTEnhancedJEP.Degree";"Degrés"
"GTEnhancedJEP.Global";"Globale"
"GTEnhancedJEP.Local";"Statique"
"GTEnhancedJEP.precision";"Nombre de décimales :"
"GTEnhancedJEP.Radian";"Radians"
"GTEnhancedJEP.scopeMode";"Portée des variables :"
"GTEnhancedJEP.settings";"Réglages"
"GTEnhancedJEP.trigoMode";"Mesure des angles :"
"GTEuclidean2DGeometry.axisColor";"Couleur des axes :"
"GTEuclidean2DGeometry.axisOn";"Afficher les axes :"
"GTEuclidean2DGeometry.background";"Couleur d'arrière plan :"
"GTEuclidean2DGeometry.gridColor";"Couleur de la grille :"
"GTEuclidean2DGeometry.gridOn";"Afficher la grille :"
"GTEuclidean2DGeometry.X.desc";"(#t) : abscisse de la tortue #t."
"GTEuclidean2DGeometry.X.name";"X"
"GTEuclidean2DGeometry.Y.desc";"(#t) : ordonnée de la tortue #t."
"GTEuclidean2DGeometry.Y.name";"Y"
"GTEuclidean3DGeometry.X.desc";"(#t) : abscisse de la tortue #t."
"GTEuclidean3DGeometry.X.name";"X"
"GTEuclidean3DGeometry.Y.desc";"(#t) : ordonnée de la tortue #t."
"GTEuclidean3DGeometry.Y.name";"Y"
"GTEuclidean3DGeometry.Z.desc";"(#t) : cote de la tortue #t."
"GTEuclidean3DGeometry.Z.name";"Z"
"GTEuclidean4DGeometry.conicProjection";"Projection centrale activée :"
"GTEuclidean4DGeometry.fieldOfView";"Angle de champ :"
"GTEuclidean4DGeometry.toolbar";"Manipulation 4D"
"GTEuclidean4DGeometry.txyView.action";"Projeter sur l'espace (txy)"
"GTEuclidean4DGeometry.txyView.mnemonic";
"GTEuclidean4DGeometry.txyView.tooltip";"Projeter sur l'espace (txy)"
"GTEuclidean4DGeometry.X1.desc";"(#t) : première coordonnée de la tortue #t."
"GTEuclidean4DGeometry.X1.name";"X"
"GTEuclidean4DGeometry.X2.desc";"(#t) : seconde coordonnée de la tortue #t."
"GTEuclidean4DGeometry.X2.name";"Y"
"GTEuclidean4DGeometry.X3.desc";"(#t) : troisième coordonnée de la tortue #t."
"GTEuclidean4DGeometry.X3.name";"Z"
"GTEuclidean4DGeometry.X4.desc";"(#t) : quatrième coordonnée de la tortue #t."
"GTEuclidean4DGeometry.X4.name";"T"
"GTEuclidean4DGeometry.xyRotation.action";"Rotation selon le plan xy"
"GTEuclidean4DGeometry.xyRotation.mnemonic";
"GTEuclidean4DGeometry.xyRotation.tooltip";"Rotation selon le plan xy"
"GTEuclidean4DGeometry.xyzView.action";"Projeter sur l'espace (xyz)"
"GTEuclidean4DGeometry.xyzView.mnemonic";
"GTEuclidean4DGeometry.xyzView.tooltip";"Projeter sur l'espace (xyz)"
"GTEuclidean4DGeometry.xzRotation.action";"Rotation selon le plan xz"
"GTEuclidean4DGeometry.xzRotation.mnemonic";
"GTEuclidean4DGeometry.xzRotation.tooltip";"Rotation selon le plan xz"
"GTEuclidean4DGeometry.yzRotation.action";"Rotation selon le plan yz"
"GTEuclidean4DGeometry.yzRotation.mnemonic";
"GTEuclidean4DGeometry.yzRotation.tooltip";"Rotation selon le plan yz"
"GTEuclidean4DGeometry.yztView.action";"Projeter sur l'espace (yzt)"
"GTEuclidean4DGeometry.yztView.mnemonic";
"GTEuclidean4DGeometry.yztView.tooltip";"Projeter sur l'espace (yzt)"
"GTEuclidean4DGeometry.ztxView.action";"Projeter sur l'espace (ztx)"
"GTEuclidean4DGeometry.ztxView.mnemonic";
"GTEuclidean4DGeometry.ztxView.tooltip";"Projeter sur l'espace (ztx)"
"GTException.helpButton.action";"Aide"
"GTException.helpButton.mnemonic";"A"
"GTException.helpButton.tooltip";"Affiche l'aide sur cette commande. "
"GTException.info";"Anomalie durant l'exécution"
"GTException.wrongInstruction";"Commande incriminée : "
"GTFlatQuotientGeometry.fillingUnavailable";"Il n'est pas possible de colorier des polygones dans cette géométrie."
"GTFlatQuotientGeometry.fillingUnavailable";"Le coloriage des polygones n'est pas disponible dans cette géométrie."
"GTFlatQuotientGeometry.pX.desc";"(#t) : abscisse de la tortue #t après projection."
"GTFlatQuotientGeometry.pX.name";"X'"
"GTFlatQuotientGeometry.pY.desc";"(#t) : ordonnée de la tortue #t après projection."
"GTFlatQuotientGeometry.pY.name";"Y'"
"GTFlatQuotientGeometry.X.desc";"(#t) : abscisse de la tortue #t avant projection."
"GTFlatQuotientGeometry.X.name";"X"
"GTFlatQuotientGeometry.Y.desc";"(#t) : ordonnée de la tortue #t avant projection."
"GTFlatQuotientGeometry.Y.name";"Y"
"GTGeometry.dist.desc";"(#t, #t') : distance entre les tortues #t et #t'."
"GTGeometry.dist.name";"dist"
"GTGeometry.distance.desc";"(#t, #t') : distance entre les tortues #t et #t'."
"GTGeometry.distance.name";"distance"
"GTGeometryManager.settings";"Géométries"
"GTGraphicSpace.height";"Hauteur (en pixels) :"
"GTGraphicSpace.newSize";"Taille :"
"GTGraphicSpace.scaleFactor";"Facteur d'agrandissement :"
"GTGraphicSpace.settings";"Dimensions de l'image"
"GTGraphicSpace.width";"Largeur (en pixels) :"
"GTHelp.help";"Aide"
"GTIsometricPerspective.name";"Perspective isométrique"
"GTJEP.AND";"et"
"GTJEP.false";"Faux"
"GTJEP.NOT";"non"
"GTJEP.OR";"ou"
"GTJEP.true";"Vrai"
"GTLauncher.loading";"Chargement..."
"GTLauncher.ready";"Démarrage réussi !"
"GTLight.lightSettings";"Éclairage"
"GTLightingContext.addLight.action";"Ajouter"
"GTLightingContext.addLight.mnemonic";
"GTLightingContext.addLight.tooltip";"Ajouter un nouveau projecteur"
"GTLightingContext.ambientLight";"Lumière ambiante :"
"GTLightingContext.isFixed";"Projecteur fixe"
"GTLightingContext.lights";"Éclairage"
"GTLightingContext.phi";"φ ="
"GTLightingContext.removeLight.action";"Supprimer"
"GTLightingContext.removeLight.mnemonic";
"GTLightingContext.removeLight.tooltip";"Supprimer le projecteur"
"GTLightingContext.settings";"Projecteurs"
"GTLightingContext.theta";"θ ="
"GTMidi.defaultSoundBank";"par défaut"
"GTMidi.deleteSoundBank.tooltip";"Charger la banque de sons par défaut."
"GTMidi.dir";"Emplacement des fichiers créés avec la commande « concert » :"
"GTMidi.invalidSoundBank.msg";"Le fichier sélectionné est invalide."
"GTMidi.invalidSoundBank.title";"Banque de sons invalide"
"GTMidi.openSoundBank.tooltip";"Charger une banque de sons."
"GTMidi.settings";"Midi"
"GTMidi.sf2";"Banque de sons (*.sf2)"
"GTMidi.soundBank";"Banque de sons :"
"GTModelCatalog.catalogNotFound.msg";"Aucun catalogue n'a été trouvé dans le dossier indiqué."
"GTModelCatalog.catalogNotFound.title";"Erreur"
"GTModelCatalog.close.action";"Fermer"
"GTModelCatalog.close.mnemonic";"F"
"GTModelCatalog.close.tooltip";"Fermer le catalogue"
"GTModelCatalog.error.msg";"Une erreur s'est produite durant la lecture du catalogue.</p><p>Cause : #1"
"GTModelCatalog.error.title";"Erreur"
"GTModelCatalog.init.failure.msg";"<p>Consultation du catalogue impossible.</p><p>Vérifiez que la connexion à Internet est bien paramétrée.</p>"
"GTModelCatalog.init.failure.title";"Échec de la connexion"
"GTModelCatalog.init.worker";"Connexion"
"GTModelCatalog.load.text";"Ouvrir"
"GTModelCatalog.load.tooltip";"Ouvrir l'activité sélectionnée"
"GTModelCatalog.sequence";"Séquences"
"GTModelCatalog.theme";"Thèmes"
"GTModelCatalog.title";"Catalogue d'activités"
"GTModelEditor.edition.mnemonic";"t"
"GTModelEditor.edition.title";"Édition"
"GTModelEditor.editProcs.action";"Édition des procédures"
"GTModelEditor.editProcs.mnemonic";
"GTModelEditor.editProcs.tooltip";"Modifier les procédures"
"GTModelEditor.files.mnemonic";"F"
"GTModelEditor.files.title";"Fichiers"
"GTModelEditor.notAnXrtFile.msg";"Le fichier spécifié n'est pas une activité GéoTortue au format xrt."
"GTModelEditor.notAnXrtFile.title";"Format de fichier invalide"
"GTModelEditor.procedures";"Édition des procédures"
"GTModelEditor.refreshTab.action";"Rafraîchir"
"GTModelEditor.refreshTab.mnemonic";"f"
"GTModelEditor.refreshTab.tooltip";"Redessiner la figure"
"GTModelEditor.shareProcs.action";"Gestion des procédures"
"GTModelEditor.shareProcs.mnemonic";"G"
"GTModelEditor.shareProcs.tooltip";"Inclure des procédures dans l'activité"
"GTModelEditor.xrt";"Activités GéoTortue (*.xrt)"
"GTModelManager.cancelProcEdition.action";"Annuler"
"GTModelManager.cancelProcEdition.mnemonic";"A"
"GTModelManager.cancelProcEdition.tooltip";"Ferme la fenêtre et oublie les modifications"
"GTModelManager.confirmDeletion.msg";"Supprimer cet onglet ?"
"GTModelManager.confirmDeletion.title";"Demande de confirmation"
"GTModelManager.modelPreferences.action";"Préférences"
"GTModelManager.modelPreferences.mnemonic";"P"
"GTModelManager.modelPreferences.tooltip";"Éditer les préférences de cette activité"
"GTModelManager.procedures";"Édition des procédures"
"GTModelManager.sharing";"Intégrations dans l'activité"
"GTModelManager.updateLibrary.text";"Valider"
"GTModelManager.updateLibrary.tooltip";"Valide les modifications"
"GTModelPane.graphics";"Figure"
"GTModelPane.localCatalog.action";"<h5>Catalogue local</h5>"
"GTModelPane.localCatalog.mnemonic";"L"
"GTModelPane.localCatalog.tooltip";"Consulter un catalogue d'activités présent sur l'ordinateur"
"GTModelPane.nextModel.action";"Suivant"
"GTModelPane.nextModel.mnemonic";
"GTModelPane.nextModel.tooltip";"Passer à l'activité suivante"
"GTModelPane.onlineCatalog.action";"<h5>Catalogue en ligne</h5>"
"GTModelPane.onlineCatalog.mnemonic";"C"
"GTModelPane.onlineCatalog.tooltip";"Consulter le catalogue d'activités en ligne"
"GTModelPane.prevModel.action";"Précédent"
"GTModelPane.prevModel.mnemonic";
"GTModelPane.prevModel.tooltip";"Passer à l'activité précédente"
"GTModelPane.refreshModel.action";"Redessiner"
"GTModelPane.refreshModel.mnemonic";
"GTModelPane.refreshModel.tooltip";"Redessiner la figure"
"GTModelTabs.command";"Commande"
"GTModelTabs.graphics";"Figure"
"GTModelTabs.htmlEditor";"Éditeur de l'énoncé"
"GTModelTabs.text";"Énoncé"
"GTOptionalCommands.circle";"Commandes <span class=""command"">cercle</span> et <span class=""command"">arc</span>"
"GTOptionalCommands.music";"Commandes musicales (<span class=""command"">chante</span>, <span class=""command"">partition</span> et <span class=""command"">concert</span>)"
"GTOptionalCommands.title";"Commandes spéciales"
"GTOrthogonalPerspective.name";"Perspective orthogonale"
"GTPanel.BoardPane";"Tableau d'affichage"
"GTPanel.CommandPane";"Fenêtre de commande"
"GTPanel.flushCommands.tooltip";"Effacer le contenu de la fenêtre de commande"
"GTPanel.hideBoard.tooltip";"Afficher / cacher le tableau d'affichage"
"GTPanel.hideMonitor.tooltip";"Afficher / cacher le moniteur"
"GTPanel.MonitorPane";"Moniteur"
"GTPanel.ProcedurePane";"Procédures"
"GTPerspectiveManager.settings";"Perspective"
"GTPoincareDiscGeometry.hRotation";"Rotation hyperbolique activée (shift + clic droit) :"
"GTPoincareDiscGeometry.hShift";"Translation hyperbolique activée (ctrl + clic droit) :"
"GTPoincareDiscGeometry.R.desc";"() : « rayon » du disque de Poincaré."
"GTPoincareDiscGeometry.R.name";"R"
"GTPoincareDiscGeometry.radius";"Rayon :"
"GTPoincareDiscGeometry.X.desc";"(#t) : abscisse de la tortue #t."
"GTPoincareDiscGeometry.X.name";"X"
"GTPoincareDiscGeometry.Y.desc";"(#t) : ordonnée de la tortue #t."
"GTPoincareDiscGeometry.Y.name";"Y"
"GTPoincareHPGeometry.R.desc";"() : « rayon » du demi-plan de Poincaré."
"GTPoincareHPGeometry.R.name";"R"
"GTPoincareHPGeometry.radius";"Rayon :"
"GTPoincareHPGeometry.rotation";"Rotation hyperbolique activée (shift + clic droit) :"
"GTPoincareHPGeometry.X.desc";"(#t) : abscisse de la tortue #t."
"GTPoincareHPGeometry.X.name";"X"
"GTPoincareHPGeometry.Y.desc";"(#t) : ordonnée de la tortue #t."
"GTPoincareHPGeometry.Y.name";"Y"
"GTPolygon.fillingError";"Le coloriage de certains polygones a échoué."
"GTPreferences.advanced";"Réglages avancés"
"GTPreferences.fontsAndColors";"Polices et couleurs"
"GTPreferences.graphics";"Espace Graphique"
"GTPreferences.maths";"Mathématiques"
"GTPreferences.renderer";"Rendu"
"GTPreferences.settings";"Options"
"GTPreferences.turtles";"Tortues"
"GTPresetSandBoxConfig.classic";"classique"
"GTPresetSandBoxConfig.icons";"icônes"
"GTProcessingContext.delay";"Délai entre chaque déplacement (en ms) :"
"GTProcessingContext.prompt";"Demande de valeur"
"GTProcessingContext.prompt.msg";"Saisir la valeur de #1 :"
"GTProcessingContext.realTimePainting";"Afficher le parcours en temps réel :"
"GTProcessingContext.settings";"Déplacement des tortues"
"GTRendererManager.Anaglyph";"<b>Anaglyphe</b>"
"GTRendererManager.anaglyphEnabled";"Activer l'anaglyphe :"
"GTRendererManager.anaglyphShift";"Parallaxe :"
"GTRendererManager.settings";"Mode anaglyphe"
"GTRendererSettings.antiAliasing";"Activer l'anti-crénelage : "
"GTRendererSettings.blur";"Quantité de flou (en %) :"
"GTRendererSettings.GTPolygon";"<b>Coloriage des polygones</b>"
"GTRendererSettings.maxDist";"Seuil de triangulation (en pixels) :"
"GTRendererSettings.maxNumPoints";"Maximum de points intermédiaires :"
"GTRendererSettings.settings";"Paramètres avancés"
"GTSandBox.buttonEditor";"Éditer une commande"
"GTSandBox.config";"Agencement"
"GTSandBox.export.text";"Exporter"
"GTSandBox.export.tooltip";"Exporter la configuration du bac à sable dans un fichier"
"GTSandBox.font";"Police"
"GTSandBox.fontFamily";"Police :"
"GTSandBox.fontSize";"Taille :"
"GTSandBox.import.text";"Importer"
"GTSandBox.import.tooltip";"Importer un fichier de configuration du bac à sable"
"GTSandBox.invalidFile.msg";"Le fichier sélectionné n'est pas un fichier de configuration valide."
"GTSandBox.invalidFile.title";"Fichier invalide"
"GTSandBox.leftPane";"Panneau gauche"
"GTSandBox.png.jpg.gif";"Images (*.png,  *.jpg,  *.gif)"
"GTSandBox.preset";"Configuration prédéfinie :"
"GTSandBox.rightPane";"Panneau droit"
"GTSandBox.settings";"Apparence"
"GTSandBox.settings.title";"Configuration du bac à sable"
"GTSandBox.xml";"Fichier de configuration (*.xml)"
"GTSandBoxButton.command";"Commande :"
"GTSandBoxButton.deleteIcon.tooltip";"Cliquer pour enlever l'icône"
"GTSandBoxButton.editor";"Édition du bouton"
"GTSandBoxButton.icon";"Icône :"
"GTSandBoxButton.none";"Aucune"
"GTSandBoxButton.openIcon.tooltip";"Cliquer pour choisir une icône"
"GTSandBoxButton.showCommand";"Afficher la commande :"
"GTSandBoxButton.tooltip";"Info-bulle :"
"GTSandBoxButtonPaneEditor.buttonList";"Liste des boutons"
"GTSandBoxButtonPaneEditor.createCommand.action";"Ajouter"
"GTSandBoxButtonPaneEditor.createCommand.mnemonic";"A"
"GTSandBoxButtonPaneEditor.createCommand.tooltip";"Ajouter une nouvelle commande"
"GTSandBoxButtonPaneEditor.deleteCommand.action";"Supprimer"
"GTSandBoxButtonPaneEditor.deleteCommand.mnemonic";"S"
"GTSandBoxButtonPaneEditor.deleteCommand.tooltip";"Supprimer la commande sélectionnée"
"GTSandBoxButtonPaneEditor.editCommand.action";"Éditer"
"GTSandBoxButtonPaneEditor.editCommand.mnemonic";"e"
"GTSandBoxButtonPaneEditor.editCommand.tooltip";"Éditer la commande sélectionnée"
"GTSandBoxButtonPaneEditor.stepCommandDown.action";"Descendre"
"GTSandBoxButtonPaneEditor.stepCommandDown.mnemonic";"D"
"GTSandBoxButtonPaneEditor.stepCommandDown.tooltip";"Déplacer la commande sélectionnée d'un rang vers le bas"
"GTSandBoxButtonPaneEditor.stepCommandUp.action";"Monter"
"GTSandBoxButtonPaneEditor.stepCommandUp.mnemonic";"M"
"GTSandBoxButtonPaneEditor.stepCommandUp.tooltip";"Déplacer la commande sélectionnée d'un rang vers le haut"
"GTSandBoxCompass.left";"G"
"GTSandBoxCompass.right";"D"
"GTSphericalGeometry.isSphereVisible";"Afficher la sphère :"
"GTSphericalGeometry.R.desc";"() : « rayon » de la sphère."
"GTSphericalGeometry.R.name";"R"
"GTSphericalGeometry.radius";"Rayon de la sphère :"
"GTSphericalGeometry.shader";"Type d'ombrage :"
"GTSphericalGeometry.sphereColor";"Couleur :"
"GTSphericalGeometry.tesselation";"Densité du maillage :"
"GTSphericalGeometry.U.desc";"(#t) : latitude de la tortue #t."
"GTSphericalGeometry.U.name";"U"
"GTSphericalGeometry.V.desc";"(#t) : longitude de la tortue #t."
"GTSphericalGeometry.V.name";"V"
"GTSphericalGeometry.X.desc";"(#t) : abscisse de la tortue #t."
"GTSphericalGeometry.X.name";"X"
"GTSphericalGeometry.Y.desc";"(#t) : ordonnée de la tortue #t."
"GTSphericalGeometry.Y.name";"Y"
"GTSphericalGeometry.Z.desc";"(#t) : cote de la tortue #t."
"GTSphericalGeometry.Z.name";"Z"
"GTUpdateChecker.checkingFailed.msg";"<h4>Mise à jour de GéoTortue</h4> <p>Vérifier des mises à jour impossible.</p><p>Vérifiez que vous disposez d'une connexion à Internet.</p>"
"GTUpdateChecker.checkingFailed.title";"Échec de la vérification"
"GTUpdateChecker.noUpdate.msg";"<h4>Mise à jour de GéoTortue</h4> <p>Cette version de GéoTortue est la plus récente.</p>"
"GTUpdateChecker.noUpdate.title";"Aucune mise à jour"
"GTUpdateChecker.update.msg";"<h4>Mise à jour de GéoTortue</h4> <p>Une nouvelle version de GéoTortue est disponible !</p><p>Ouvrir un navigateur pour la télécharger ?</p>"
"GTUpdateChecker.update.title";"Mise à jour disponible"
"GTUserFileManager.dir";"Emplacement des fichiers :"
"GTUserFileManager.overwrite.msg";"Écraser le fichier « #1 » ?"
"GTUserFileManager.overwrite.title";"Demande de confirmation"
"GTUserFileManager.settings";"Commandes « import » et « export »"
"HDExportTool.hdSettings";"Export HD"
"HTMLTextPane.copy";"Copier"
"HTMLTextPane.invalidLink.msg";"Le lien hypertexte n'est pas valide."
"HTMLTextPane.invalidLink.title";"Lien invalide"
"JCastFunctionFactory.bool.desc";"(x) : conversion de x en booléen."
"JCastFunctionFactory.bool.name";"bool"
"JCastFunctionFactory.dict.desc";"(x) : conversion de x en dictionnaire."
"JCastFunctionFactory.dict.name";"dict"
"JCastFunctionFactory.float.desc";"(x) : conversion de x en flottant."
"JCastFunctionFactory.float.name";"float"
"JCastFunctionFactory.int.desc";"(x) : conversion de x en entier."
"JCastFunctionFactory.int.name";"int"
"JCastFunctionFactory.list.desc";"(x) : conversion de x en liste."
"JCastFunctionFactory.list.name";"list"
"JCastFunctionFactory.str.desc";"(x) : conversion de x en chaîne de caractères."
"JCastFunctionFactory.str.name";"str"
"JCastFunctionFactory.type.desc";"(x) : type de l’objet x."
"JCastFunctionFactory.type.name";"type"
"JFunctionFactory.abs.desc";"(x) : valeur absolue de x."
"JFunctionFactory.abs.name";"abs"
"JFunctionFactory.acos.desc";"(x) : arc cosinus de x (en degrés ou radians selon le mode sélectionné)."
"JFunctionFactory.acos.name";"acos"
"JFunctionFactory.acosh.desc";"(x) : argument cosinus hyperbolique de x."
"JFunctionFactory.acosh.name";"acosh"
"JFunctionFactory.alea.desc";"(n) : entier au hasard dans l'intervalle [ 1 ; n ]."
"JFunctionFactory.alea.name";"alea"
"JFunctionFactory.asin.desc";"(x) : arc sinus de x (en degrés ou radians selon le mode sélectionné)."
"JFunctionFactory.asin.name";"asin"
"JFunctionFactory.asinh.desc";"(x) : argument sinus hyperbolique de x."
"JFunctionFactory.asinh.name";"asinh"
"JFunctionFactory.atan.desc";"(x) : arc tangente de x (en degrés ou radians selon le mode sélectionné)."
"JFunctionFactory.atan.name";"atan"
"JFunctionFactory.atan2.desc";"(y, x) : angle θ (en degrés ou radians selon le mode sélectionné) dans la conversion en coordonnées polaires du point (x, y)."
"JFunctionFactory.atan2.name";"atan2"
"JFunctionFactory.atanh.desc";"(x) : argument tangente hyperbolique de x."
"JFunctionFactory.atanh.name";"atanh"
"JFunctionFactory.binom.desc";"(n, p) : coefficient binomial « p parmi n »."
"JFunctionFactory.binom.name";"binom"
"JFunctionFactory.cos.desc";"(x) : cosinus de x."
"JFunctionFactory.cos.name";"cos"
"JFunctionFactory.cosh.desc";"(x) : cosinus hyperbolique de x."
"JFunctionFactory.cosh.name";"cosh"
"JFunctionFactory.exp.desc";"(x) : exponentielle de x."
"JFunctionFactory.exp.name";"exp"
"JFunctionFactory.export.desc";"(<i>c</i>, <i>f</i>) : enregistre la chaîne de caractères <i>c</i> dans le fichier <i>f</i>."
"JFunctionFactory.export.name";"export"
"JFunctionFactory.floor.desc";"(x) : partie entière de x."
"JFunctionFactory.floor.name";"floor"
"JFunctionFactory.floor2.desc";"(x) : partie entière de x."
"JFunctionFactory.floor2.name";"partie_entière"
"JFunctionFactory.if.desc";"(x, a, b) : retourne a si la condition x est vraie (égale à 1), b sinon."
"JFunctionFactory.if.name";"if"
"JFunctionFactory.import.desc";"(<i>f</i>) : importe le contenu du fichier <i>f</i>"
"JFunctionFactory.import.name";"import"
"JFunctionFactory.ln.desc";"(x) : logarithme népérien de x."
"JFunctionFactory.ln.name";"ln"
"JFunctionFactory.log.desc";"(x) : logarithme décimal de x."
"JFunctionFactory.log.name";"log"
"JFunctionFactory.lquaternion.desc";"(#t, <i>c</i>) : composante <i>c</i> (avec <i>c</i> ∈ {<span class=""string"">""s"" ""x"" ""y"" ""z""</span>}) du quaternion gauche associé à la tortue #t.</p>"
"JFunctionFactory.lquaternion.name";"_lq"
"JFunctionFactory.max.desc";"(L) : plus grand élément de L."
"JFunctionFactory.max.name";"max"
"JFunctionFactory.min.desc";"(L) : plus petit élément de L."
"JFunctionFactory.min.name";"min"
"JFunctionFactory.mod.desc";"(a, b) : reste de la division euclidienne de a par b."
"JFunctionFactory.mod.name";"mod"
"JFunctionFactory.mod2.desc";"(a, b) : reste de la division euclidienne de a par b."
"JFunctionFactory.mod2.name";"reste"
"JFunctionFactory.rand.desc";"() : nombre aléatoire dans l'intervalle [ 0 ; 1 ]."
"JFunctionFactory.rand.name";"rand"
"JFunctionFactory.round.desc";"(x, p) : valeur arrondie de x à 10<sup>-p</sup> près."
"JFunctionFactory.round.name";"round"
"JFunctionFactory.round2.desc";"(x, p) : valeur arrondie de x à 10<sup>-p</sup> près."
"JFunctionFactory.round2.name";"arrondi"
"JFunctionFactory.rquaternion.desc";"(#t, <i>c</i>) : composante <i>c</i> (avec <i>c</i> ∈ {<span class=""string"">""s"" ""x"" ""y"" ""z""</span>}) du quaternion droit associé à la tortue #t.</p>"
"JFunctionFactory.rquaternion.name";"_rq"
"JFunctionFactory.sin.desc";"(x) : sinus de x."
"JFunctionFactory.sin.name";"sin"
"JFunctionFactory.sinh.desc";"(x) : sinus hyperbolique de x."
"JFunctionFactory.sinh.name";"sinh"
"JFunctionFactory.size.desc";"(L) : nombre d'éléments de la liste L."
"JFunctionFactory.size.name";"effectif"
"JFunctionFactory.sqrt.desc";"(x) : racine carrée de x."
"JFunctionFactory.sqrt.name";"sqrt"
"JFunctionFactory.sqrt2.desc";"(x) : racine carrée de x."
"JFunctionFactory.sqrt2.name";"racine"
"JFunctionFactory.sum.desc";"(L) : somme de tous les éléments de L."
"JFunctionFactory.sum.name";"somme"
"JFunctionFactory.tan.desc";"(x) : tangente de x."
"JFunctionFactory.tan.name";"tan"
"JFunctionFactory.tanh.desc";"(x) : tangente hyperbolique de x."
"JFunctionFactory.tanh.name";"tanh"
"JIterableFunctionFactory.append.desc";"(x) : ajoute l'élément x à la fin d'une liste."
"JIterableFunctionFactory.append.name";"append"
"JIterableFunctionFactory.count.desc";"(x) : renvoie le nombre d'occurence de l'élément x dans une liste."
"JIterableFunctionFactory.count.name";"count"
"JIterableFunctionFactory.index.desc";"(x) : renvoie l'indice de la première occurence de l'élément x dans une liste (-1 si absent)."
"JIterableFunctionFactory.index.name";"index"
"JIterableFunctionFactory.insert.desc";"(#i, x) : insère dans une liste l'élément x à la position #i."
"JIterableFunctionFactory.insert.name";"insert"
"JIterableFunctionFactory.keys.desc";"() : retourne les clés du dictionnaire"
"JIterableFunctionFactory.keys.name";"keys"
"JIterableFunctionFactory.len.desc";"(x) : longueur de la liste ou de la chaîne x."
"JIterableFunctionFactory.len.name";"len"
"JIterableFunctionFactory.max.desc";"(x) : plus grand élément de la liste ou de la chaîne x."
"JIterableFunctionFactory.max.name";"max"
"JIterableFunctionFactory.min.desc";"(x) : plus petit élément de la liste ou de la chaîne x."
"JIterableFunctionFactory.min.name";"min"
"JIterableFunctionFactory.pop.desc";"(x) : supprime et renvoie l'élément d'une liste situé à la xième position."
"JIterableFunctionFactory.pop.name";"pop"
"JIterableFunctionFactory.prod.desc";"(x) : produits des éléments de la liste x."
"JIterableFunctionFactory.prod.name";"prod"
"JIterableFunctionFactory.remove.desc";"(x) : supprime la première occurence de l'élément x dans une liste."
"JIterableFunctionFactory.remove.name";"remove"
"JIterableFunctionFactory.reverse.desc";"() : inverse l'ordre des éléments d'une liste en l'état."
"JIterableFunctionFactory.reverse.name";"reverse"
"JIterableFunctionFactory.sort.desc";"() : trie une liste en l'état."
"JIterableFunctionFactory.sort.name";"sort"
"JIterableFunctionFactory.sum.desc";"(x) : somme des éléments de la liste x."
"JIterableFunctionFactory.sum.name";"sum"
"JIterableFunctionFactory.values.desc";"() : retourne les valeurs du dictionnaire"
"JIterableFunctionFactory.values.name";"values"
"JSpecialFunctionFactory.range.desc";" : séquence de nombre consécutif ou en progression arithmétique."
"JSpecialFunctionFactory.range.name";"range"
"KeywordManager.?";"?"
"KeywordManager.à";"à"
"KeywordManager.alors";"alors"
"KeywordManager.arguments";"Arguments :"
"KeywordManager.commandKeys";"Commandes :"
"KeywordManager.comments";"Commentaires :"
"KeywordManager.de";"de"
"KeywordManager.delay";"délai"
"KeywordManager.eval";"résultat"
"KeywordManager.fin";"fin"
"KeywordManager.fontFamily";"Police :"
"KeywordManager.fontSize";"Taille :"
"KeywordManager.hrotation";"hrotation"
"KeywordManager.htranslation";"htranslation"
"KeywordManager.in_list";"de"
"KeywordManager.library";"Procédures de la bibliothèque :"
"KeywordManager.loopVariables";"Variables de boucles"
"KeywordManager.normalFont";"Texte :"
"KeywordManager.pour";"pour"
"KeywordManager.prend_la_valeur";"prend_la_valeur"
"KeywordManager.procedures";"Procédures :"
"KeywordManager.qtranslation";"qtranslation"
"KeywordManager.reservedKeys";"Mots-clefs :"
"KeywordManager.rotation";"rotation"
"KeywordManager.RVB";"RVB"
"KeywordManager.rvb";"rvb"
"KeywordManager.settings";"Code"
"KeywordManager.sinon";"sinon"
"KeywordManager.strings";"Chaînes :"
"KeywordManager.toutes";"toutes"
"KeywordManager.translation";"translation"
"KeywordManager.TSV";"TSV"
"KeywordManager.tsv";"tsv"
"KeywordManager.turtles";"Tortues :"
"KeywordManager.vision";"vision"
"KeywordManager.xy";"xy"
"KeywordManager.xz";"xz"
"KeywordManager.yz";"yz"
"KeywordManager.zoom";"zoom"
"Language.fr";"Français"
"LibraryManager.addToLibrary.action";"Archiver dans la bibliothèque"
"LibraryManager.addToLibrary.mnemonic";"A"
"LibraryManager.addToLibrary.tooltip";"Transférer les procédures sélectionnées dans la bibliothèque"
"LibraryManager.addToProcedures.action";"Récupérer dans l'éditeur"
"LibraryManager.addToProcedures.mnemonic";"R"
"LibraryManager.addToProcedures.tooltip";"Transférer les procédures sélectionnées dans l'éditeur"
"LibraryManager.library";"Bibliothèque"
"LibraryManager.procedures";"Procédures"
"MouseManager.dragEnabled";"Déplacement activé (clic droit) :"
"MouseManager.rotationXEnabled";"Rotation (X) activée (ctrl + clic droit) :"
"MouseManager.rotationYEnabled";"Rotation (Y) activée (ctrl + clic droit) :"
"MouseManager.rotationZEnabled";"Rotation (Z) activée (shift + clic droit) :"
"MouseManager.settings";"Interactivité"
"MouseManager.zoomEnabled";"Zoom activé (roulette) :"
"MusicFunctionFactory.chord.desc";"(notes) : crée un accord"
"MusicFunctionFactory.chord.name";"accord"
"MusicFunctionFactory.instrument.desc";"(numéro) : crée un changement d'instrument"
"MusicFunctionFactory.instrument.name";"instrument"
"MusicFunctionFactory.note.desc";"(valeur, durée, vélocité) : crée une note"
"MusicFunctionFactory.note.name";"note"
"MusicFunctionFactory.rest.desc";"(durée) : crée un silence"
"MusicFunctionFactory.rest.name";"silence"
"MusicFunctionFactory.tempo.desc";"(tempo) : crée un changement de tempo"
"MusicFunctionFactory.tempo.name";"tempo"
"PhongShader.name";"Ombrage de Phong"
"PictureWriter.directory";"Emplacement des photos prises avec la commande « photo » :"
"PictureWriter.settings";"Photos"
"PoincareDiscGeometry.name";"Disque de Poincaré"
"PoincareHPGeometry.name";"Demi-plan de Poincaré"
"ProxyConfigurator.customConfig";"Configuration manuelle :"
"ProxyConfigurator.host";"Proxy HTTP :"
"ProxyConfigurator.port";"Port :"
"ProxyConfigurator.title";"Configuration du serveur proxy"
"Renderer.displayError";"L'affichage comporte des erreurs."
"SharedProcedures.editor";"Procédures"
"SharedProcedures.hidden";"Invisible"
"SharedProcedures.library";"Bibliothèque"
"SharedProcedures.procsManager";"Intégration des procédures"
"SharedProcedures.share.tooltip";"<html>Inclure la procédure <span class=""library"">#1</span> dans l'activité</html>"
"SharedTurtles.share.tooltip";"<html>Inclure la tortue <span class=""turtle"">#1</span> dans l'activité</html>"
"SharedTurtles.sharing";"Intégration des tortues"
"SphericalGeometry.name";"Géométrie sphérique"
"TabHead.addTab.action";"Ajouter"
"TabHead.addTab.mnemonic";
"TabHead.addTab.tooltip";"Ajouter un nouvel onglet"
"TabHead.copyTab.action";"Copier"
"TabHead.copyTab.mnemonic";
"TabHead.copyTab.tooltip";"Copier l'onglet"
"TabHead.nextTab.action";"Suivant"
"TabHead.nextTab.mnemonic";
"TabHead.nextTab.tooltip";"Passer à l'onglet suivant"
"TabHead.previousTab.action";"Précédent"
"TabHead.previousTab.mnemonic";
"TabHead.previousTab.tooltip";"Passer à l'onglet précédent"
"TabHead.removeTab.action";"Supprimer"
"TabHead.removeTab.mnemonic";
"TabHead.removeTab.tooltip";"Supprimer l'onglet"
"TurtleManager.addTurtle.action";"Ajouter"
"TurtleManager.addTurtle.mnemonic";
"TurtleManager.addTurtle.tooltip";"Ajouter une nouvelle tortue"
"TurtleManager.createTurtle.getTitle";"Indiquer le nombre de tortues à ajouter :"
"TurtleManager.createTurtle.text";"Ajouter plusieurs tortues"
"TurtleManager.createTurtle.tooltip";"Cliquer pour ajouter automatiquement plusieurs tortues"
"TurtleManager.getName";"Saisir le nom de la nouvelle tortue :"
"TurtleManager.removeTurtle.action";"Supprimer"
"TurtleManager.removeTurtle.mnemonic";
"TurtleManager.removeTurtle.tooltip";"Supprimer la tortue"
"TurtleManager.settings";"Gestion des tortues"
"TurtleManager.turtleAvatar";"Symbole"
"TurtleManager.turtleColor";"Couleur"
"TurtleManager.turtleName";"Nom"
"Gallery.chooseDirectory.msg";"<h2>Première ouverture de la pinacothèque</h2><p>Merci de sélectionner le répertoire dans lequel seront stockés les fichiers de la pinacothèque.</p>"
"Gallery.chooseDirectory.title";"Emplacement de la pinacothèque"
"PictureWriter.chooseDirectory.msg";"<h1>Premier usage de la commande <span class=""keyword"">photo</span></h1><p>Merci de sélectionner le répertoire dans lequel seront enregistrés les images....</p>"
"PictureWriter.chooseDirectory.title";"Répertoire des photos"
"GTUserFileManager.chooseDirectory.msg";"<h1>Premier usage de la fonction <span class=""function"">import</span></h1><p>Merci de sélectionner le répertoire dans lequel les.</p>"
"GTUserFileManager.chooseDirectory.title";"Répertoire des fichiers"
"GTMidi.chooseDirectory.msg";"<h3>Premier usage de la commande <span class=""command"">concert</span></h3><p>Merci de sélectionner le répertoire dans lequel seront enregistrés les fichiers midi.</p>"
"GTMidi.chooseDirectory.title";"Répertoire des fichiers midi"
"FWManager.selectFolder.text";"Choix d'un répertoire"
"FWManager.select";"Sélectionner ce répertoire"
"GTActions.abortGalleryInit.msg";"<p>Échec</p>"
"GTActions.abortGalleryInit.title";"<p>Aucun emplacement n'a été défini pour la pinacothèque.</p><p>Abandon de l'opération en cours.</p>"
"GTMidi.midiDirUninitialized.msg";"<p>Aucun emplacement n'a été défini pour enregistrer les fichiers midi.</p>"
"GTMidi.midiDirUninitialized.title";"Enregistrement impossible"

